sl_no,observer_id,teacher_id,date,lesson_plan_score,execution_score,student_engagement_score,classroom_management_score
1,OBS02,T001,2025-10-16,2,3,3,2
2,OBS10,T001,2025-11-19,3,3,4,4
3,OBS06,T001,2025-06-21,2,2,2,3
4,OBS09,T002,2025-10-13,3,4,3,4
5,OBS03,T002,2025-08-15,4,3,3,3
6,OBS04,T003,2025-11-01,4,4,4,3
7,OBS04,T003,2025-10-23,5,4,5,5
8,OBS04,T003,2025-07-29,5,5,5,5
9,OBS05,T004,2025-07-01,2,3,3,2
10,OBS10,T004,2025-10-13,3,3,3,3
11,OBS04,T004,2025-09-27,3,3,3,3
12,OBS10,T005,2025-10-12,4,4,4,4
13,OBS03,T005,2025-08-12,4,4,4,4
14,OBS01,T005,2025-11-17,4,3,3,3
15,OBS07,T006,2025-11-09,3,3,3,4
16,OBS02,T006,2025-11-02,3,4,3,3
17,OBS02,T007,2025-09-17,1,1,2,3
18,OBS07,T007,2025-10-28,3,4,3,2
19,OBS08,T008,2025-08-16,3,3,4,3
20,OBS05,T008,2025-08-17,5,4,3,4
21,OBS07,T009,2025-08-18,4,4,4,5
22,OBS02,T009,2025-07-31,3,4,3,3
23,OBS02,T010,2025-10-15,3,2,3,3
24,OBS05,T010,2025-09-17,4,3,3,3
25,OBS07,T011,2025-10-07,3,3,3,2
26,OBS07,T011,2025-10-05,4,5,4,5
27,OBS03,T012,2025-09-17,4,3,4,4
28,OBS01,T012,2025-10-31,4,4,5,3
29,OBS05,T012,2025-08-14,3,4,4,3
30,OBS02,T013,2025-10-25,1,2,1,1
31,OBS07,T013,2025-11-05,2,2,2,2
32,OBS06,T013,2025-11-04,3,4,4,3
33,OBS07,T014,2025-11-10,5,5,5,5
34,OBS05,T014,2025-08-12,4,4,4,4
35,OBS03,T016,2025-10-08,4,5,3,4
36,OBS03,T016,2025-08-16,3,3,3,3
37,OBS08,T017,2025-08-09,3,3,3,3
38,OBS04,T017,2025-10-06,4,4,4,4
39,OBS01,T017,2025-10-02,3,3,2,3
40,OBS02,T018,2025-08-25,3,4,3,3
41,OBS01,T018,2025-09-30,3,4,3,4
42,OBS07,T019,2025-09-13,3,3,4,3
43,OBS06,T019,2025-11-16,4,4,5,5
44,OBS02,T019,2025-10-21,4,2,3,3
45,OBS05,T020,2025-11-26,4,3,4,4
46,OBS01,T020,2025-10-16,3,4,4,4
47,OBS04,T021,2025-09-23,3,2,3,3
48,OBS04,T021,2025-08-25,2,2,3,2
49,OBS01,T022,2025-09-17,4,4,4,4
50,OBS07,T022,2025-10-09,2,4,5,3
51,OBS06,T022,2025-10-23,4,4,3,4
52,OBS05,T023,2025-09-13,3,2,1,2
53,OBS02,T023,2025-11-07,3,3,4,3
54,OBS04,T023,2025-11-30,5,4,5,5
55,OBS05,T024,2025-08-16,3,3,2,3
56,OBS06,T024,2025-09-15,2,2,2,3
57,OBS03,T025,2025-10-09,2,1,1,2
58,OBS04,T025,2025-10-16,4,4,4,3
59,OBS05,T026,2025-10-17,5,4,4,4
60,OBS06,T026,2025-08-21,4,4,5,4
61,OBS01,T026,2025-08-17,2,2,1,2
62,OBS08,T027,2025-09-29,2,2,3,3
63,OBS05,T027,2025-09-13,2,2,2,2
64,OBS05,T027,2025-09-01,3,3,2,2
65,OBS05,T028,2025-06-01,4,4,5,3
66,OBS05,T028,2025-11-17,5,4,4,3
67,OBS05,T028,2025-09-14,5,5,5,5
68,OBS09,T029,2025-07-06,3,3,5,5
69,OBS07,T029,2025-07-09,3,4,4,3
70,OBS08,T030,2025-11-17,4,4,3,5
71,OBS10,T030,2025-11-19,5,5,5,5
72,OBS03,T030,2025-09-01,5,5,5,4
73,OBS07,T031,2025-07-04,5,5,4,4
74,OBS03,T031,2025-10-20,5,4,5,5
75,OBS03,T032,2025-07-22,2,3,2,2
76,OBS09,T033,2025-09-30,3,3,3,3
77,OBS06,T033,2025-09-12,4,3,4,4
78,OBS09,T034,2025-08-02,5,4,5,5
79,OBS08,T034,2025-08-05,5,4,5,5
80,OBS01,T035,2025-11-23,4,4,4,4
81,OBS04,T035,2025-10-16,5,4,4,5
82,OBS09,T035,2025-11-20,4,3,4,5
83,OBS01,T036,2025-09-07,2,3,4,3
84,OBS07,T036,2025-10-26,3,3,4,4
85,OBS03,T036,2025-11-12,3,4,3,3
86,OBS04,T037,2025-10-05,5,4,5,4
87,OBS05,T037,2025-09-16,3,3,3,3
88,OBS07,T037,2025-08-17,2,1,1,1
89,OBS05,T038,2025-11-16,2,2,2,2
90,OBS01,T038,2025-08-28,3,3,2,2
91,OBS02,T038,2025-09-30,3,3,3,3
92,OBS10,T039,2025-10-16,2,3,4,3
93,OBS01,T039,2025-09-24,2,2,2,3
94,OBS04,T040,2025-08-22,4,4,3,4
95,OBS01,T040,2025-10-12,4,3,4,3
96,OBS02,T041,2025-10-24,3,3,3,3
97,OBS03,T041,2025-08-11,4,5,4,5
98,OBS03,T041,2025-08-31,2,3,2,3
99,OBS04,T042,2025-09-06,3,4,4,4
100,OBS09,T042,2025-09-14,5,5,4,4
101,OBS01,T043,2025-11-11,5,5,5,5
102,OBS05,T043,2025-11-26,4,2,4,2
103,OBS05,T043,2025-08-24,5,4,4,5
104,OBS01,T044,2025-10-30,5,5,5,4
105,OBS08,T044,2025-10-23,3,3,3,4
106,OBS02,T045,2025-11-03,4,4,4,3
107,OBS08,T045,2025-09-13,4,4,5,5
108,OBS01,T046,2025-09-11,3,3,2,3
109,OBS08,T046,2025-10-22,3,3,3,3
110,OBS09,T046,2025-10-20,3,3,3,3
111,OBS07,T047,2025-07-25,3,3,3,3
112,OBS07,T047,2025-08-15,3,3,2,4
113,OBS08,T047,2025-07-20,2,2,2,2
114,OBS02,T048,2025-10-28,5,5,5,5
115,OBS06,T049,2025-10-28,4,4,4,4
116,OBS05,T049,2025-10-18,4,4,4,5
117,OBS02,T049,2025-10-27,4,3,4,4
118,OBS07,T050,2025-09-26,4,4,4,4
119,OBS10,T050,2025-11-23,4,4,5,3
120,OBS03,T050,2025-10-26,5,5,5,5
121,OBS03,T051,2025-09-04,3,2,3,2
122,OBS08,T051,2025-09-25,4,4,4,4
